gene,final_scientific_score,max_scientific_score,n_tissues,n_variants,avg_statistical_evidence,avg_proximity_factor,avg_effect_size,neurodev_relevance,target_value,calibrated_score
CACNA1C,2.265990185782896,2.8488262036080614,2,136,5.872151381324367,0.7834143841725546,0.04346861684561545,1.3,20.52,20.52
CHD8,2.0737267657452496,2.0737267657452496,1,20,5.193236848831132,0.785214467128604,0.030577809438912362,1.4,12.1,12.1
FOXP2,1.8791933200011899,1.9521859182923331,2,37,4.436629594601985,0.7535123810939217,0.06413792130800824,1.25,10.24,10.24
CNTNAP2,1.7853222449603465,1.8772471411915266,2,20,4.651378628384461,0.7602076535395578,0.04698638408855897,1.2,10.48,10.48
THEMIS,1.6777043465864327,1.6777043465864327,1,2,4.54824336416151,0.813652585348887,0.030381165381419592,0.8,6.87,6.87
