"Gene","Tissue","Top_SNP","SMR_P","HEIDI_P","Status"
"CACNA1C","Cerebellum","chr12_2372770_T_C_b38",0.550111806698193,0.178585909968059,"No Causal"
"CHD8","Cerebellar Hemisphere","chr14_21336201_A_C_b38",0.918444097979741,0.992786466026596,"No Causal"
"CNTNAP2","Hippocampus","chr7_146307796_G_T_b38",0.348507558486739,0.45931323677641,"No Causal"
"FOXP2","Nucleus accumbens (basal ganglia)","chr7_114836524_A_C_b38",0.490910663679215,0.00375447599523978,"No Causal"
"OXTR","Spinal cord (cervical c-1)","chr3_8785285_G_A_b38",0.86687466360445,1,"No Causal"
"MAPK3","Cortex","chr16_30123335_T_C_b38",0.0202229205414318,2.93068843390905e-05,"Pleiotropy/Linkage (Failed HEIDI)"
"TAOK2","Cerebellar Hemisphere","chr16_30546955_T_C_b38",0.62847039615939,0.501753080820168,"No Causal"
"ALDOA","Nucleus accumbens (basal ganglia)","chr16_30556788_T_C_b38",0.21808960096659,0.859741487849412,"No Causal"
"TBX6","Cortex","chr16_30091839_C_A_b38",0.925538920205864,7.6011636812642e-21,"No Causal"
"YPEL3","Cerebellum","chr16_30095964_A_T_b38",0.418808111245774,2.17652378694778e-81,"No Causal"
